SubjectID,Cmax,Tmax,AUC,half_life
DIAB2024-001-001,15.8,4,438.5,NA
DIAB2024-001-003,14.5,4,393.54999999999995,NA
DIAB2024-001-005,16.2,4,466.90000000000003,NA
